{
  "name": "{{Dataset_Name}}",
  "compatibilityLevel": 1604,
  "model": {
    "name": "{{Dataset_Name}}",
    "culture": "en-US",
    "collation": "Latin1_General_100_BIN2_UTF8",
    "dataAccessOptions": {
      "legacyRedirects": true,
      "returnErrorValuesAsNull": true
    },
    "defaultPowerBIDataSourceVersion": "powerBI_V3",
    "sourceQueryCulture": "en-US",
    "tables": [
      {
        "name": "agg_view",
        "sourceLineageTag": "[gold].[agg_view]",
        "columns": [
          {
            "name": "bank_name",
            "dataType": "string",
            "sourceColumn": "bank_name",
            "sourceProviderType": "varchar",
            "sourceLineageTag": "bank_name",
            "summarizeBy": "none",
            "annotations": [
              {
                "name": "SummarizationSetBy",
                "value": "Automatic"
              }
            ]
          },
          {
            "name": "agg_total_price",
            "dataType": "int64",
            "sourceColumn": "agg_total_price",
            "formatString": "0",
            "sourceProviderType": "int",
            "sourceLineageTag": "agg_total_price",
            "summarizeBy": "sum",
            "annotations": [
              {
                "name": "SummarizationSetBy",
                "value": "Automatic"
              }
            ]
          }
        ],
        "partitions": [
          {
            "name": "{{Partition_Name}}",
            "mode": "directLake",
            "source": {
              "type": "entity",
              "entityName": "agg_view",
              "expressionSource": "DatabaseQuery",
              "schemaName": "gold"
            }
          }
        ],
        "annotations": [
          {
            "name": "IsTableInBiModel",
            "value": "False"
          }
        ]
      },
      {
        "name": "customer_dim",
        "sourceLineageTag": "[gold].[customer_dim]",
        "columns": [
          {
            "name": "coustomer_key",
            "dataType": "string",
            "sourceColumn": "coustomer_key",
            "sourceProviderType": "varchar",
            "sourceLineageTag": "coustomer_key",
            "summarizeBy": "none",
            "annotations": [
              {
                "name": "SummarizationSetBy",
                "value": "Automatic"
              }
            ]
          },
          {
            "name": "name",
            "dataType": "string",
            "sourceColumn": "name",
            "sourceProviderType": "varchar",
            "sourceLineageTag": "name",
            "summarizeBy": "none",
            "annotations": [
              {
                "name": "SummarizationSetBy",
                "value": "Automatic"
              }
            ]
          },
          {
            "name": "contact_no",
            "dataType": "string",
            "sourceColumn": "contact_no",
            "sourceProviderType": "varchar",
            "sourceLineageTag": "contact_no",
            "summarizeBy": "none",
            "annotations": [
              {
                "name": "SummarizationSetBy",
                "value": "Automatic"
              }
            ]
          },
          {
            "name": "nid",
            "dataType": "string",
            "sourceColumn": "nid",
            "sourceProviderType": "varchar",
            "sourceLineageTag": "nid",
            "summarizeBy": "none",
            "annotations": [
              {
                "name": "SummarizationSetBy",
                "value": "Automatic"
              }
            ]
          },
          {
            "name": "first_name",
            "dataType": "string",
            "sourceColumn": "first_name",
            "sourceProviderType": "varchar",
            "sourceLineageTag": "first_name",
            "summarizeBy": "none",
            "annotations": [
              {
                "name": "SummarizationSetBy",
                "value": "Automatic"
              }
            ]
          },
          {
            "name": "last_name",
            "dataType": "string",
            "sourceColumn": "last_name",
            "sourceProviderType": "varchar",
            "sourceLineageTag": "last_name",
            "summarizeBy": "none",
            "annotations": [
              {
                "name": "SummarizationSetBy",
                "value": "Automatic"
              }
            ]
          }
        ],
        "partitions": [
          {
            "name": "{{Partition_Name}}",
            "mode": "directLake",
            "source": {
              "type": "entity",
              "entityName": "customer_dim",
              "expressionSource": "DatabaseQuery",
              "schemaName": "gold"
            }
          }
        ],
        "annotations": [
          {
            "name": "IsTableInBiModel",
            "value": "False"
          }
        ]
      },
      {
        "name": "fact_table",
        "sourceLineageTag": "[gold].[fact_table]",
        "columns": [
          {
            "name": "payment_key",
            "dataType": "string",
            "sourceColumn": "payment_key",
            "sourceProviderType": "varchar",
            "sourceLineageTag": "payment_key",
            "summarizeBy": "none",
            "annotations": [
              {
                "name": "SummarizationSetBy",
                "value": "Automatic"
              }
            ]
          },
          {
            "name": "coustomer_key",
            "dataType": "string",
            "sourceColumn": "coustomer_key",
            "sourceProviderType": "varchar",
            "sourceLineageTag": "coustomer_key",
            "summarizeBy": "none",
            "annotations": [
              {
                "name": "SummarizationSetBy",
                "value": "Automatic"
              }
            ]
          },
          {
            "name": "time_key",
            "dataType": "string",
            "sourceColumn": "time_key",
            "sourceProviderType": "varchar",
            "sourceLineageTag": "time_key",
            "summarizeBy": "none",
            "annotations": [
              {
                "name": "SummarizationSetBy",
                "value": "Automatic"
              }
            ]
          },
          {
            "name": "item_key",
            "dataType": "string",
            "sourceColumn": "item_key",
            "sourceProviderType": "varchar",
            "sourceLineageTag": "item_key",
            "summarizeBy": "none",
            "annotations": [
              {
                "name": "SummarizationSetBy",
                "value": "Automatic"
              }
            ]
          },
          {
            "name": "store_key",
            "dataType": "string",
            "sourceColumn": "store_key",
            "sourceProviderType": "varchar",
            "sourceLineageTag": "store_key",
            "summarizeBy": "none",
            "annotations": [
              {
                "name": "SummarizationSetBy",
                "value": "Automatic"
              }
            ]
          },
          {
            "name": "quantity",
            "dataType": "int64",
            "sourceColumn": "quantity",
            "formatString": "0",
            "sourceProviderType": "int",
            "sourceLineageTag": "quantity",
            "summarizeBy": "sum",
            "annotations": [
              {
                "name": "SummarizationSetBy",
                "value": "Automatic"
              }
            ]
          },
          {
            "name": "unit",
            "dataType": "string",
            "sourceColumn": "unit",
            "sourceProviderType": "varchar",
            "sourceLineageTag": "unit",
            "summarizeBy": "none",
            "annotations": [
              {
                "name": "SummarizationSetBy",
                "value": "Automatic"
              }
            ]
          },
          {
            "name": "unit_price",
            "dataType": "int64",
            "sourceColumn": "unit_price",
            "formatString": "0",
            "sourceProviderType": "int",
            "sourceLineageTag": "unit_price",
            "summarizeBy": "sum",
            "annotations": [
              {
                "name": "SummarizationSetBy",
                "value": "Automatic"
              }
            ]
          },
          {
            "name": "total_price",
            "dataType": "int64",
            "sourceColumn": "total_price",
            "formatString": "0",
            "sourceProviderType": "int",
            "sourceLineageTag": "total_price",
            "summarizeBy": "sum",
            "annotations": [
              {
                "name": "SummarizationSetBy",
                "value": "Automatic"
              }
            ]
          }
        ],
        "partitions": [
          {
            "name": "{{Partition_Name}}",
            "mode": "directLake",
            "source": {
              "type": "entity",
              "entityName": "fact_table",
              "expressionSource": "DatabaseQuery",
              "schemaName": "gold"
            }
          }
        ],
        "annotations": [
          {
            "name": "IsTableInBiModel",
            "value": "False"
          }
        ]
      },
      {
        "name": "store_dim",
        "sourceLineageTag": "[gold].[store_dim]",
        "columns": [
          {
            "name": "store_key",
            "dataType": "string",
            "sourceColumn": "store_key",
            "sourceProviderType": "varchar",
            "sourceLineageTag": "store_key",
            "summarizeBy": "none",
            "annotations": [
              {
                "name": "SummarizationSetBy",
                "value": "Automatic"
              }
            ]
          },
          {
            "name": "division",
            "dataType": "string",
            "sourceColumn": "division",
            "sourceProviderType": "varchar",
            "sourceLineageTag": "division",
            "summarizeBy": "none",
            "annotations": [
              {
                "name": "SummarizationSetBy",
                "value": "Automatic"
              }
            ]
          },
          {
            "name": "address",
            "dataType": "string",
            "sourceColumn": "address",
            "sourceProviderType": "varchar",
            "sourceLineageTag": "address",
            "summarizeBy": "none",
            "annotations": [
              {
                "name": "SummarizationSetBy",
                "value": "Automatic"
              }
            ]
          }
        ],
        "partitions": [
          {
            "name": "{{Partition_Name}}",
            "mode": "directLake",
            "source": {
              "type": "entity",
              "entityName": "store_dim",
              "expressionSource": "DatabaseQuery",
              "schemaName": "gold"
            }
          }
        ],
        "annotations": [
          {
            "name": "IsTableInBiModel",
            "value": "False"
          }
        ]
      },
      {
        "name": "trans_dim",
        "sourceLineageTag": "[gold].[trans_dim]",
        "columns": [
          {
            "name": "payment_key",
            "dataType": "string",
            "sourceColumn": "payment_key",
            "sourceProviderType": "varchar",
            "sourceLineageTag": "payment_key",
            "summarizeBy": "none",
            "annotations": [
              {
                "name": "SummarizationSetBy",
                "value": "Automatic"
              }
            ]
          },
          {
            "name": "trans_type",
            "dataType": "string",
            "sourceColumn": "trans_type",
            "sourceProviderType": "varchar",
            "sourceLineageTag": "trans_type",
            "summarizeBy": "none",
            "annotations": [
              {
                "name": "SummarizationSetBy",
                "value": "Automatic"
              }
            ]
          },
          {
            "name": "bank_name",
            "dataType": "string",
            "sourceColumn": "bank_name",
            "sourceProviderType": "varchar",
            "sourceLineageTag": "bank_name",
            "summarizeBy": "none",
            "annotations": [
              {
                "name": "SummarizationSetBy",
                "value": "Automatic"
              }
            ]
          }
        ],
        "partitions": [
          {
            "name": "{{Partition_Name}}",
            "mode": "directLake",
            "source": {
              "type": "entity",
              "entityName": "trans_dim",
              "expressionSource": "DatabaseQuery",
              "schemaName": "gold"
            }
          }
        ],
        "annotations": [
          {
            "name": "IsTableInBiModel",
            "value": "False"
          }
        ]
      }
    ],
    "expressions": [
      {
        "name": "DatabaseQuery",
        "kind": "m",
        "expression": "let\n    database = {{TDS_Endpoint}}\nin\n    database\n"
      }
    ],
    "annotations": [
      {
        "name": "__PBI_TimeIntelligenceEnabled",
        "value": "0"
      },
      {
        "name": "SourceLineageTagType",
        "value": "DatabaseFullyQualifiedName"
      }
    ]
  }
}